,panel_name,image_name,lebel,time,LUX,TEMP (Celcius),power
0,d-1-3-1,d-1-3-1.jpg,1,1,1350,27,23.4639
1,d-1-3-2,d-1-3-2.jpg,1,1,1350,27,23.4639
2,d-1-3-3,d-1-3-3.jpg,1,1,1350,27,23.4639
3,d-1-3-4,d-1-3-4.jpg,1,1,1350,27,23.4639
4,d-1-4-1,d-1-4-1.jpg,1,1,1380,27.1,22.2275
5,d-1-4-2,d-1-4-2.jpg,1,1,1380,27.1,22.2275
6,d-1-4-3,d-1-4-3.jpg,1,1,1380,27.1,22.2275
7,d-1-4-4,d-1-4-4.jpg,1,1,1380,27.1,22.2275
8,d-1-5-1,d-1-5-1.jpg,1,1,1460,27.3,23.9468
9,d-1-5-2,d-1-5-2.jpg,1,1,1460,27.3,23.9468
10,d-1-5-3,d-1-5-3.jpg,1,1,1460,27.3,23.9468
11,d-1-5-4,d-1-5-4.jpg,1,1,1460,27.3,23.9468
12,d-1-6-1,d-1-6-1.jpg,1,1,1430,27.5,22.77
13,d-1-6-2,d-1-6-2.jpg,1,1,1430,27.5,22.77
14,d-1-6-3,d-1-6-3.jpg,1,1,1430,27.5,22.77
15,d-1-6-4,d-1-6-4.jpg,1,1,1430,27.5,22.77
16,d-1-7-1,d-1-7-1.jpg,1,1,1433,27.7,23.1736
17,d-1-7-2,d-1-7-2.jpg,1,1,1433,27.7,23.1736
18,d-1-7-3,d-1-7-3.jpg,1,1,1433,27.7,23.1736
19,d-1-7-4,d-1-7-4.jpg,1,1,1433,27.7,23.1736
20,d-1-9-1,d-1-9-1.jpg,1,1,1495,27.4,24.0921
21,d-1-9-2,d-1-9-2.jpg,1,1,1495,27.4,24.0921
22,d-1-9-3,d-1-9-3.jpg,1,1,1495,27.4,24.0921
23,d-1-9-4,d-1-9-4.jpg,1,1,1495,27.4,24.0921
24,d-1-11-1,d-1-11-1.jpg,1,1,1670,27.3,26.3856
25,d-1-11-2,d-1-11-2.jpg,1,1,1670,27.3,26.3856
26,d-1-11-3,d-1-11-3.jpg,1,1,1670,27.3,26.3856
27,d-1-11-4,d-1-11-4.jpg,1,1,1670,27.3,26.3856
28,d-1-12-1,d-1-12-1.jpg,1,1,1630,26.9,25.5298
29,d-1-12-2,d-1-12-2.jpg,1,1,1630,26.9,25.5298
30,d-1-12-3,d-1-12-3.jpg,1,1,1630,26.9,25.5298
31,d-1-12-4,d-1-12-4.jpg,1,1,1630,26.9,25.5298
32,d-1-16-1,d-1-16-1.jpg,1,1,2200,26.6,30.974
33,d-1-16-2,d-1-16-2.jpg,1,1,2200,26.6,30.974
34,d-1-16-3,d-1-16-3.jpg,1,1,2200,26.6,30.974
35,d-1-16-4,d-1-16-4.jpg,1,1,2200,26.6,30.974
36,d-1-20-1,d-1-20-1.jpg,1,1,2380,26.2,28.336
37,d-1-20-2,d-1-20-2.jpg,1,1,2380,26.2,28.336
38,d-1-20-3,d-1-20-3.jpg,1,1,2380,26.2,28.336
39,d-1-20-4,d-1-20-4.jpg,1,1,2380,26.2,28.336
40,d-1-21-1,d-1-21-1.jpg,1,1,2250,27.3,30.8864
41,d-1-21-2,d-1-21-2.jpg,1,1,2250,27.3,30.8864
42,d-1-21-3,d-1-21-3.jpg,1,1,2250,27.3,30.8864
43,d-1-21-4,d-1-21-4.jpg,1,1,2250,27.3,30.8864
44,d-1-26-1,d-1-26-1.jpg,1,1,2250,27.2,31.4864
45,d-1-26-2,d-1-26-2.jpg,1,1,2250,27.2,31.4864
46,d-1-26-3,d-1-26-3.jpg,1,1,2250,27.2,31.4864
47,d-1-26-4,d-1-26-4.jpg,1,1,2250,27.2,31.4864
48,d-1-27-1,d-1-27-1.jpg,1,1,2878,27.2,39.7999
49,d-1-27-2,d-1-27-2.jpg,1,1,2878,27.2,39.7999
50,d-1-27-3,d-1-27-3.jpg,1,1,2878,27.2,39.7999
51,d-1-27-4,d-1-27-4.jpg,1,1,2878,27.2,39.7999
52,d-1-28-1,d-1-28-1.jpg,1,1,2767,27,38.5168
53,d-1-28-2,d-1-28-2.jpg,1,1,2767,27,38.5168
54,d-1-28-3,d-1-28-3.jpg,1,1,2767,27,38.5168
55,d-1-28-4,d-1-28-4.jpg,1,1,2767,27,38.5168
56,d-1-29-1,d-1-29-1.jpg,1,1,2942,26,36.476
57,d-1-29-2,d-1-29-2.jpg,1,1,2942,26,36.476
58,d-1-29-3,d-1-29-3.jpg,1,1,2942,26,36.476
59,d-1-29-4,d-1-29-4.jpg,1,1,2942,26,36.476
60,d-1-30-1,d-1-30-1.jpg,1,1,3158,25.5,43.86
61,d-1-30-2,d-1-30-2.jpg,1,1,3158,25.5,43.86
62,d-1-30-3,d-1-30-3.jpg,1,1,3158,25.5,43.86
63,d-1-30-4,d-1-30-4.jpg,1,1,3158,25.5,43.86
64,d-1-31-1,d-1-31-1.jpg,1,1,3155,25.2,40.6245
65,d-1-31-2,d-1-31-2.jpg,1,1,3155,25.2,40.6245
66,d-1-31-3,d-1-31-3.jpg,1,1,3155,25.2,40.6245
67,d-1-31-4,d-1-31-4.jpg,1,1,3155,25.2,40.6245
68,d-1-32-1,d-1-32-1.jpg,1,1,3208,25.3,44.1968
69,d-1-32-2,d-1-32-2.jpg,1,1,3208,25.3,44.1968
70,d-1-32-3,d-1-32-3.jpg,1,1,3208,25.3,44.1968
71,d-1-32-4,d-1-32-4.jpg,1,1,3208,25.3,44.1968
72,d-1-33-1,d-1-33-1.jpg,1,1,3220,25.2,45.0488
73,d-1-33-2,d-1-33-2.jpg,1,1,3220,25.2,45.0488
74,d-1-33-3,d-1-33-3.jpg,1,1,3220,25.2,45.0488
75,d-1-33-4,d-1-33-4.jpg,1,1,3220,25.2,45.0488
76,d-1-34-1,d-1-34-1.jpg,1,1,2927,25.7,35.924
77,d-1-34-2,d-1-34-2.jpg,1,1,2927,25.7,35.924
78,d-1-34-3,d-1-34-3.jpg,1,1,2927,25.7,35.924
79,d-1-34-4,d-1-34-4.jpg,1,1,2927,25.7,35.924
80,d-1-35-1,d-1-35-1.jpg,1,1,2967,26.1,34.565
81,d-1-35-2,d-1-35-2.jpg,1,1,2967,26.1,34.565
82,d-1-35-3,d-1-35-3.jpg,1,1,2967,26.1,34.565
83,d-1-35-4,d-1-35-4.jpg,1,1,2967,26.1,34.565
84,d-2-3-1,d-2-3-1.jpg,1,2,3663,25.7,54.1355
85,d-2-3-2,d-2-3-2.jpg,1,2,3663,25.7,54.1355
86,d-2-3-3,d-2-3-3.jpg,1,2,3663,25.7,54.1355
87,d-2-3-4,d-2-3-4.jpg,1,2,3663,25.7,54.1355
88,d-2-4-1,d-2-4-1.jpg,1,2,3395,26.5,48.672
89,d-2-4-2,d-2-4-2.jpg,1,2,3395,26.5,48.672
90,d-2-4-3,d-2-4-3.jpg,1,2,3395,26.5,48.672
91,d-2-4-4,d-2-4-4.jpg,1,2,3395,26.5,48.672
92,d-2-5-1,d-2-5-1.jpg,1,2,3940,26.8,60.208
93,d-2-5-2,d-2-5-2.jpg,1,2,3940,26.8,60.208
94,d-2-5-3,d-2-5-3.jpg,1,2,3940,26.8,60.208
95,d-2-5-4,d-2-5-4.jpg,1,2,3940,26.8,60.208
96,d-2-6-1,d-2-6-1.jpg,1,2,3597,27,49.8225
97,d-2-6-2,d-2-6-2.jpg,1,2,3597,27,49.8225
98,d-2-6-3,d-2-6-3.jpg,1,2,3597,27,49.8225
99,d-2-6-4,d-2-6-4.jpg,1,2,3597,27,49.8225
100,d-2-7-1,d-2-7-1.jpg,1,2,3723,28.7,50.4108
101,d-2-7-2,d-2-7-2.jpg,1,2,3723,28.7,50.4108
102,d-2-7-3,d-2-7-3.jpg,1,2,3723,28.7,50.4108
103,d-2-7-4,d-2-7-4.jpg,1,2,3723,28.7,50.4108
104,d-2-9-1,d-2-9-1.jpg,1,2,3534,30.3,48.8638
105,d-2-9-2,d-2-9-2.jpg,1,2,3534,30.3,48.8638
106,d-2-9-3,d-2-9-3.jpg,1,2,3534,30.3,48.8638
107,d-2-9-4,d-2-9-4.jpg,1,2,3534,30.3,48.8638
108,d-2-11-1,d-2-11-1.jpg,1,2,3060,31.2,45.5679
109,d-2-11-2,d-2-11-2.jpg,1,2,3060,31.2,45.5679
110,d-2-11-3,d-2-11-3.jpg,1,2,3060,31.2,45.5679
111,d-2-11-4,d-2-11-4.jpg,1,2,3060,31.2,45.5679
112,d-2-12-1,d-2-12-1.jpg,1,2,2903,32.4,44.0664
113,d-2-12-2,d-2-12-2.jpg,1,2,2903,32.4,44.0664
114,d-2-12-3,d-2-12-3.jpg,1,2,2903,32.4,44.0664
115,d-2-12-4,d-2-12-4.jpg,1,2,2903,32.4,44.0664
116,d-2-16-1,d-2-16-1.jpg,1,2,3312,32.9,52.3152
117,d-2-16-2,d-2-16-2.jpg,1,2,3312,32.9,52.3152
118,d-2-16-3,d-2-16-3.jpg,1,2,3312,32.9,52.3152
119,d-2-16-4,d-2-16-4.jpg,1,2,3312,32.9,52.3152
120,d-2-20-1,d-2-20-1.jpg,1,2,3175,33.3,49.8932
121,d-2-20-2,d-2-20-2.jpg,1,2,3175,33.3,49.8932
122,d-2-20-3,d-2-20-3.jpg,1,2,3175,33.3,49.8932
123,d-2-20-4,d-2-20-4.jpg,1,2,3175,33.3,49.8932
124,d-2-21-1,d-2-21-1.jpg,1,2,3155,33.5,50.529
125,d-2-21-2,d-2-21-2.jpg,1,2,3155,33.5,50.529
126,d-2-21-3,d-2-21-3.jpg,1,2,3155,33.5,50.529
127,d-2-21-4,d-2-21-4.jpg,1,2,3155,33.5,50.529
128,d-2-26-1,d-2-26-1.jpg,1,2,3719,33.8,62.1232
129,d-2-26-2,d-2-26-2.jpg,1,2,3719,33.8,62.1232
130,d-2-26-3,d-2-26-3.jpg,1,2,3719,33.8,62.1232
131,d-2-26-4,d-2-26-4.jpg,1,2,3719,33.8,62.1232
132,d-2-27-1,d-2-27-1.jpg,1,2,3439,33.7,50.2389
133,d-2-27-2,d-2-27-2.jpg,1,2,3439,33.7,50.2389
134,d-2-27-3,d-2-27-3.jpg,1,2,3439,33.7,50.2389
135,d-2-27-4,d-2-27-4.jpg,1,2,3439,33.7,50.2389
136,d-2-28-1,d-2-28-1.jpg,1,2,3283,33,48.8631
137,d-2-28-2,d-2-28-2.jpg,1,2,3283,33,48.8631
138,d-2-28-3,d-2-28-3.jpg,1,2,3283,33,48.8631
139,d-2-28-4,d-2-28-4.jpg,1,2,3283,33,48.8631
140,d-2-29-1,d-2-29-1.jpg,1,2,3636,32.5,57.4825
141,d-2-29-2,d-2-29-2.jpg,1,2,3636,32.5,57.4825
142,d-2-29-3,d-2-29-3.jpg,1,2,3636,32.5,57.4825
143,d-2-29-4,d-2-29-4.jpg,1,2,3636,32.5,57.4825
144,d-2-30-1,d-2-30-1.jpg,1,2,3516,32.2,50.752
145,d-2-30-2,d-2-30-2.jpg,1,2,3516,32.2,50.752
146,d-2-30-3,d-2-30-3.jpg,1,2,3516,32.2,50.752
147,d-2-30-4,d-2-30-4.jpg,1,2,3516,32.2,50.752
148,d-2-31-1,d-2-31-1.jpg,1,2,3402,32,49.8168
149,d-2-31-2,d-2-31-2.jpg,1,2,3402,32,49.8168
150,d-2-31-3,d-2-31-3.jpg,1,2,3402,32,49.8168
151,d-2-31-4,d-2-31-4.jpg,1,2,3402,32,49.8168
152,d-2-32-1,d-2-32-1.jpg,1,2,3294,32,40.4542
153,d-2-32-2,d-2-32-2.jpg,1,2,3294,32,40.4542
154,d-2-32-3,d-2-32-3.jpg,1,2,3294,32,40.4542
155,d-2-32-4,d-2-32-4.jpg,1,2,3294,32,40.4542
156,d-2-33-1,d-2-33-1.jpg,1,2,2992,31.9,39.9832
157,d-2-33-2,d-2-33-2.jpg,1,2,2992,31.9,39.9832
158,d-2-33-3,d-2-33-3.jpg,1,2,2992,31.9,39.9832
159,d-2-33-4,d-2-33-4.jpg,1,2,2992,31.9,39.9832
160,d-2-34-1,d-2-34-1.jpg,1,2,2775,31.9,40.4494
161,d-2-34-2,d-2-34-2.jpg,1,2,2775,31.9,40.4494
162,d-2-34-3,d-2-34-3.jpg,1,2,2775,31.9,40.4494
163,d-2-34-4,d-2-34-4.jpg,1,2,2775,31.9,40.4494
164,d-2-35-1,d-2-35-1.jpg,1,2,3414,31.9,50.715
165,d-2-35-2,d-2-35-2.jpg,1,2,3414,31.9,50.715
166,d-2-35-3,d-2-35-3.jpg,1,2,3414,31.9,50.715
167,d-2-35-4,d-2-35-4.jpg,1,2,3414,31.9,50.715
168,d-3-3-1,d-3-3-1.jpg,1,3,2460,25.3,21.5004
169,d-3-3-2,d-3-3-2.jpg,1,3,2460,25.3,21.5004
170,d-3-3-3,d-3-3-3.jpg,1,3,2460,25.3,21.5004
171,d-3-3-4,d-3-3-4.jpg,1,3,2460,25.3,21.5004
172,d-3-4-1,d-3-4-1.jpg,1,3,2423,25.3,21.5372
173,d-3-4-2,d-3-4-2.jpg,1,3,2423,25.3,21.5372
174,d-3-4-3,d-3-4-3.jpg,1,3,2423,25.3,21.5372
175,d-3-4-4,d-3-4-4.jpg,1,3,2423,25.3,21.5372
176,d-3-5-1,d-3-5-1.jpg,1,3,2323,25.4,21.5096
177,d-3-5-2,d-3-5-2.jpg,1,3,2323,25.4,21.5096
178,d-3-5-3,d-3-5-3.jpg,1,3,2323,25.4,21.5096
179,d-3-5-4,d-3-5-4.jpg,1,3,2323,25.4,21.5096
180,d-3-6-1,d-3-6-1.jpg,1,3,2268,25.4,21.1757
181,d-3-6-2,d-3-6-2.jpg,1,3,2268,25.4,21.1757
182,d-3-6-3,d-3-6-3.jpg,1,3,2268,25.4,21.1757
183,d-3-6-4,d-3-6-4.jpg,1,3,2268,25.4,21.1757
184,d-3-7-1,d-3-7-1.jpg,1,3,2144,25.4,21.1575
185,d-3-7-2,d-3-7-2.jpg,1,3,2144,25.4,21.1575
186,d-3-7-3,d-3-7-3.jpg,1,3,2144,25.4,21.1575
187,d-3-7-4,d-3-7-4.jpg,1,3,2144,25.4,21.1575
188,d-3-9-1,d-3-9-1.jpg,1,3,2128,25.2,21.3808
189,d-3-9-2,d-3-9-2.jpg,1,3,2128,25.2,21.3808
190,d-3-9-3,d-3-9-3.jpg,1,3,2128,25.2,21.3808
191,d-3-9-4,d-3-9-4.jpg,1,3,2128,25.2,21.3808
192,d-3-11-1,d-3-11-1.jpg,1,3,1640,24.8,18.5202
193,d-3-11-2,d-3-11-2.jpg,1,3,1640,24.8,18.5202
194,d-3-11-3,d-3-11-3.jpg,1,3,1640,24.8,18.5202
195,d-3-11-4,d-3-11-4.jpg,1,3,1640,24.8,18.5202
196,d-3-12-1,d-3-12-1.jpg,1,3,1631,24.8,18.4551
197,d-3-12-2,d-3-12-2.jpg,1,3,1631,24.8,18.4551
198,d-3-12-3,d-3-12-3.jpg,1,3,1631,24.8,18.4551
199,d-3-12-4,d-3-12-4.jpg,1,3,1631,24.8,18.4551
200,d-3-16-1,d-3-16-1.jpg,1,3,1852,24.7,18.483
201,d-3-16-2,d-3-16-2.jpg,1,3,1852,24.7,18.483
202,d-3-16-3,d-3-16-3.jpg,1,3,1852,24.7,18.483
203,d-3-16-4,d-3-16-4.jpg,1,3,1852,24.7,18.483
204,d-3-20-1,d-3-20-1.jpg,1,3,1422,24.5,16.39
205,d-3-20-2,d-3-20-2.jpg,1,3,1422,24.5,16.39
206,d-3-20-3,d-3-20-3.jpg,1,3,1422,24.5,16.39
207,d-3-20-4,d-3-20-4.jpg,1,3,1422,24.5,16.39
208,d-3-21-1,d-3-21-1.jpg,1,3,1350,24.5,16.3714
209,d-3-21-2,d-3-21-2.jpg,1,3,1350,24.5,16.3714
210,d-3-21-3,d-3-21-3.jpg,1,3,1350,24.5,16.3714
211,d-3-21-4,d-3-21-4.jpg,1,3,1350,24.5,16.3714
212,d-3-26-1,d-3-26-1.jpg,1,3,1166,24.4,14.3063
213,d-3-26-2,d-3-26-2.jpg,1,3,1166,24.4,14.3063
214,d-3-26-3,d-3-26-3.jpg,1,3,1166,24.4,14.3063
215,d-3-26-4,d-3-26-4.jpg,1,3,1166,24.4,14.3063
216,d-3-27-1,d-3-27-1.jpg,1,3,1082,24.5,13.204
217,d-3-27-2,d-3-27-2.jpg,1,3,1082,24.5,13.204
218,d-3-27-3,d-3-27-3.jpg,1,3,1082,24.5,13.204
219,d-3-27-4,d-3-27-4.jpg,1,3,1082,24.5,13.204
220,d-3-28-1,d-3-28-1.jpg,1,3,710,26.5,9.3375
221,d-3-28-2,d-3-28-2.jpg,1,3,710,26.5,9.3375
222,d-3-28-3,d-3-28-3.jpg,1,3,710,26.5,9.3375
223,d-3-28-4,d-3-28-4.jpg,1,3,710,26.5,9.3375
224,d-3-29-1,d-3-29-1.jpg,1,3,707,24.5,10.9208
225,d-3-29-2,d-3-29-2.jpg,1,3,707,24.5,10.9208
226,d-3-29-3,d-3-29-3.jpg,1,3,707,24.5,10.9208
227,d-3-29-4,d-3-29-4.jpg,1,3,707,24.5,10.9208
228,d-3-30-1,d-3-30-1.jpg,1,3,660,24.5,9.9024
229,d-3-30-2,d-3-30-2.jpg,1,3,660,24.5,9.9024
230,d-3-30-3,d-3-30-3.jpg,1,3,660,24.5,9.9024
231,d-3-30-4,d-3-30-4.jpg,1,3,660,24.5,9.9024
232,d-3-31-1,d-3-31-1.jpg,1,3,629,24.5,9.884
233,d-3-31-2,d-3-31-2.jpg,1,3,629,24.5,9.884
234,d-3-31-3,d-3-31-3.jpg,1,3,629,24.5,9.884
235,d-3-31-4,d-3-31-4.jpg,1,3,629,24.5,9.884
236,d-3-32-1,d-3-32-1.jpg,1,3,994,24.5,12.7644
237,d-3-32-2,d-3-32-2.jpg,1,3,994,24.5,12.7644
238,d-3-32-3,d-3-32-3.jpg,1,3,994,24.5,12.7644
239,d-3-32-4,d-3-32-4.jpg,1,3,994,24.5,12.7644
240,d-3-33-1,d-3-33-1.jpg,1,3,1087,25.5,13.6615
241,d-3-33-2,d-3-33-2.jpg,1,3,1087,25.5,13.6615
242,d-3-33-3,d-3-33-3.jpg,1,3,1087,25.5,13.6615
243,d-3-33-4,d-3-33-4.jpg,1,3,1087,25.5,13.6615
244,d-3-34-1,d-3-34-1.jpg,1,3,984,24.5,12.646
245,d-3-34-2,d-3-34-2.jpg,1,3,984,24.5,12.646
246,d-3-34-3,d-3-34-3.jpg,1,3,984,24.5,12.646
247,d-3-34-4,d-3-34-4.jpg,1,3,984,24.5,12.646
248,d-3-35-1,d-3-35-1.jpg,1,3,1572,24.5,18.2492
249,d-3-35-2,d-3-35-2.jpg,1,3,1572,24.5,18.2492
250,d-3-35-3,d-3-35-3.jpg,1,3,1572,24.5,18.2492
251,d-3-35-4,d-3-35-4.jpg,1,3,1572,24.5,18.2492
252,c-2-3-1,c-2-3-1.jpg,0,2,4215,27.7,91.4751
253,c-2-3-2,c-2-3-2.jpg,0,2,4215,27.7,91.4751
254,c-2-3-3,c-2-3-3.jpg,0,2,4215,27.7,91.4751
255,c-2-3-4,c-2-3-4.jpg,0,2,4215,27.7,91.4751
256,c-2-4-1,c-2-4-1.jpg,0,2,4050,27.6,73.3148
257,c-2-4-2,c-2-4-2.jpg,0,2,4050,27.6,73.3148
258,c-2-4-3,c-2-4-3.jpg,0,2,4050,27.6,73.3148
259,c-2-4-4,c-2-4-4.jpg,0,2,4050,27.6,73.3148
260,c-2-5-1,c-2-5-1.jpg,0,2,4120,27.7,82.8504
261,c-2-5-2,c-2-5-2.jpg,0,2,4120,27.7,82.8504
262,c-2-5-3,c-2-5-3.jpg,0,2,4120,27.7,82.8504
263,c-2-5-4,c-2-5-4.jpg,0,2,4120,27.7,82.8504
264,c-2-6-1,c-2-6-1.jpg,0,2,3947,28.2,74.7684
265,c-2-6-2,c-2-6-2.jpg,0,2,3947,28.2,74.7684
266,c-2-6-3,c-2-6-3.jpg,0,2,3947,28.2,74.7684
267,c-2-6-4,c-2-6-4.jpg,0,2,3947,28.2,74.7684
268,c-2-7-1,c-2-7-1.jpg,0,2,3969,28.5,80.2314
269,c-2-7-2,c-2-7-2.jpg,0,2,3969,28.5,80.2314
270,c-2-7-3,c-2-7-3.jpg,0,2,3969,28.5,80.2314
271,c-2-7-4,c-2-7-4.jpg,0,2,3969,28.5,80.2314
272,c-2-9-1,c-2-9-1.jpg,0,2,3842,30.1,74.04
273,c-2-9-2,c-2-9-2.jpg,0,2,3842,30.1,74.04
274,c-2-9-3,c-2-9-3.jpg,0,2,3842,30.1,74.04
275,c-2-9-4,c-2-9-4.jpg,0,2,3842,30.1,74.04
276,c-2-11-1,c-2-11-1.jpg,0,2,3911,30,73.656
277,c-2-11-2,c-2-11-2.jpg,0,2,3911,30,73.656
278,c-2-11-3,c-2-11-3.jpg,0,2,3911,30,73.656
279,c-2-11-4,c-2-11-4.jpg,0,2,3911,30,73.656
280,c-2-12-1,c-2-12-1.jpg,0,2,4077,30,81.279
281,c-2-12-2,c-2-12-2.jpg,0,2,4077,30,81.279
282,c-2-12-3,c-2-12-3.jpg,0,2,4077,30,81.279
283,c-2-12-4,c-2-12-4.jpg,0,2,4077,30,81.279
284,c-2-16-1,c-2-16-1.jpg,0,2,4486,31,86.652
285,c-2-16-2,c-2-16-2.jpg,0,2,4486,31,86.652
286,c-2-16-3,c-2-16-3.jpg,0,2,4486,31,86.652
287,c-2-16-4,c-2-16-4.jpg,0,2,4486,31,86.652
288,c-2-20-1,c-2-20-1.jpg,0,2,4049,30.2,85.995
289,c-2-20-2,c-2-20-2.jpg,0,2,4049,30.2,85.995
290,c-2-20-3,c-2-20-3.jpg,0,2,4049,30.2,85.995
291,c-2-20-4,c-2-20-4.jpg,0,2,4049,30.2,85.995
292,c-2-21-1,c-2-21-1.jpg,0,2,4240,30,87.5268
293,c-2-21-2,c-2-21-2.jpg,0,2,4240,30,87.5268
294,c-2-21-3,c-2-21-3.jpg,0,2,4240,30,87.5268
295,c-2-21-4,c-2-21-4.jpg,0,2,4240,30,87.5268
296,c-2-26-1,c-2-26-1.jpg,0,2,4480,30.6,79.8969
297,c-2-26-2,c-2-26-2.jpg,0,2,4480,30.6,79.8969
298,c-2-26-3,c-2-26-3.jpg,0,2,4480,30.6,79.8969
299,c-2-26-4,c-2-26-4.jpg,0,2,4480,30.6,79.8969
300,c-2-27-1,c-2-27-1.jpg,0,2,4013,30.3,75.3685
301,c-2-27-2,c-2-27-2.jpg,0,2,4013,30.3,75.3685
302,c-2-27-3,c-2-27-3.jpg,0,2,4013,30.3,75.3685
303,c-2-27-4,c-2-27-4.jpg,0,2,4013,30.3,75.3685
304,c-2-28-1,c-2-28-1.jpg,0,2,4239,30.5,82.265
305,c-2-28-2,c-2-28-2.jpg,0,2,4239,30.5,82.265
306,c-2-28-3,c-2-28-3.jpg,0,2,4239,30.5,82.265
307,c-2-28-4,c-2-28-4.jpg,0,2,4239,30.5,82.265
308,c-2-29-1,c-2-29-1.jpg,0,2,4377,30.8,84.6558
309,c-2-29-2,c-2-29-2.jpg,0,2,4377,30.8,84.6558
310,c-2-29-3,c-2-29-3.jpg,0,2,4377,30.8,84.6558
311,c-2-29-4,c-2-29-4.jpg,0,2,4377,30.8,84.6558
312,c-2-30-1,c-2-30-1.jpg,0,2,4409,31.1,94.848
313,c-2-30-2,c-2-30-2.jpg,0,2,4409,31.1,94.848
314,c-2-30-3,c-2-30-3.jpg,0,2,4409,31.1,94.848
315,c-2-30-4,c-2-30-4.jpg,0,2,4409,31.1,94.848
316,c-2-31-1,c-2-31-1.jpg,0,2,4411,31.2,90.7537
317,c-2-31-2,c-2-31-2.jpg,0,2,4411,31.2,90.7537
318,c-2-31-3,c-2-31-3.jpg,0,2,4411,31.2,90.7537
319,c-2-31-4,c-2-31-4.jpg,0,2,4411,31.2,90.7537
320,c-2-32-1,c-2-32-1.jpg,0,2,4321,31.6,81.42
321,c-2-32-2,c-2-32-2.jpg,0,2,4321,31.6,81.42
322,c-2-32-3,c-2-32-3.jpg,0,2,4321,31.6,81.42
323,c-2-32-4,c-2-32-4.jpg,0,2,4321,31.6,81.42
324,c-2-33-1,c-2-33-1.jpg,0,2,4389,31.6,83.6546
325,c-2-33-2,c-2-33-2.jpg,0,2,4389,31.6,83.6546
326,c-2-33-3,c-2-33-3.jpg,0,2,4389,31.6,83.6546
327,c-2-33-4,c-2-33-4.jpg,0,2,4389,31.6,83.6546
328,c-2-34-1,c-2-34-1.jpg,0,2,4355,31.8,85.9908
329,c-2-34-2,c-2-34-2.jpg,0,2,4355,31.8,85.9908
330,c-2-34-3,c-2-34-3.jpg,0,2,4355,31.8,85.9908
331,c-2-34-4,c-2-34-4.jpg,0,2,4355,31.8,85.9908
332,c-2-35-1,c-2-35-1.jpg,0,2,4131,30.1,74.951
333,c-2-35-2,c-2-35-2.jpg,0,2,4131,30.1,74.951
334,c-2-35-3,c-2-35-3.jpg,0,2,4131,30.1,74.951
335,c-2-35-4,c-2-35-4.jpg,0,2,4131,30.1,74.951
336,c-3-3-1,c-3-3-1.jpg,0,3,2400,30.7,52.668
337,c-3-3-2,c-3-3-2.jpg,0,3,2400,30.7,52.668
338,c-3-3-3,c-3-3-3.jpg,0,3,2400,30.7,52.668
339,c-3-3-4,c-3-3-4.jpg,0,3,2400,30.7,52.668
340,c-3-4-1,c-3-4-1.jpg,0,3,2390,31.4,50.5938
341,c-3-4-2,c-3-4-2.jpg,0,3,2390,31.4,50.5938
342,c-3-4-3,c-3-4-3.jpg,0,3,2390,31.4,50.5938
343,c-3-4-4,c-3-4-4.jpg,0,3,2390,31.4,50.5938
344,c-3-5-1,c-3-5-1.jpg,0,3,2390,31.4,49.6822
345,c-3-5-2,c-3-5-2.jpg,0,3,2390,31.4,49.6822
346,c-3-5-3,c-3-5-3.jpg,0,3,2390,31.4,49.6822
347,c-3-5-4,c-3-5-4.jpg,0,3,2390,31.4,49.6822
348,c-3-6-1,c-3-6-1.jpg,0,3,2400,32,48.8033
349,c-3-6-2,c-3-6-2.jpg,0,3,2400,32,48.8033
350,c-3-6-3,c-3-6-3.jpg,0,3,2400,32,48.8033
351,c-3-6-4,c-3-6-4.jpg,0,3,2400,32,48.8033
352,c-3-7-1,c-3-7-1.jpg,0,3,2308,31.8,46.599
353,c-3-7-2,c-3-7-2.jpg,0,3,2308,31.8,46.599
354,c-3-7-3,c-3-7-3.jpg,0,3,2308,31.8,46.599
355,c-3-7-4,c-3-7-4.jpg,0,3,2308,31.8,46.599
356,c-3-9-1,c-3-9-1.jpg,0,3,2180,31,43.2852
357,c-3-9-2,c-3-9-2.jpg,0,3,2180,31,43.2852
358,c-3-9-3,c-3-9-3.jpg,0,3,2180,31,43.2852
359,c-3-9-4,c-3-9-4.jpg,0,3,2180,31,43.2852
360,c-3-11-1,c-3-11-1.jpg,0,3,1410,28,34.52
361,c-3-11-2,c-3-11-2.jpg,0,3,1410,28,34.52
362,c-3-11-3,c-3-11-3.jpg,0,3,1410,28,34.52
363,c-3-11-4,c-3-11-4.jpg,0,3,1410,28,34.52
364,c-3-12-1,c-3-12-1.jpg,0,3,1470,28,34.6266
365,c-3-12-2,c-3-12-2.jpg,0,3,1470,28,34.6266
366,c-3-12-3,c-3-12-3.jpg,0,3,1470,28,34.6266
367,c-3-12-4,c-3-12-4.jpg,0,3,1470,28,34.6266
368,c-3-16-1,c-3-16-1.jpg,0,3,1474,26,33.45
369,c-3-16-2,c-3-16-2.jpg,0,3,1474,26,33.45
370,c-3-16-3,c-3-16-3.jpg,0,3,1474,26,33.45
371,c-3-16-4,c-3-16-4.jpg,0,3,1474,26,33.45
372,c-3-20-1,c-3-20-1.jpg,0,3,1288,28,30.416
373,c-3-20-2,c-3-20-2.jpg,0,3,1288,28,30.416
374,c-3-20-3,c-3-20-3.jpg,0,3,1288,28,30.416
375,c-3-20-4,c-3-20-4.jpg,0,3,1288,28,30.416
376,c-3-21-1,c-3-21-1.jpg,0,3,1310,28,31.1927
377,c-3-21-2,c-3-21-2.jpg,0,3,1310,28,31.1927
378,c-3-21-3,c-3-21-3.jpg,0,3,1310,28,31.1927
379,c-3-21-4,c-3-21-4.jpg,0,3,1310,28,31.1927
380,c-3-26-1,c-3-26-1.jpg,0,3,1435,27.7,34.5
381,c-3-26-2,c-3-26-2.jpg,0,3,1435,27.7,34.5
382,c-3-26-3,c-3-26-3.jpg,0,3,1435,27.7,34.5
383,c-3-26-4,c-3-26-4.jpg,0,3,1435,27.7,34.5
384,c-3-27-1,c-3-27-1.jpg,0,3,1389,27.7,31.892
385,c-3-27-2,c-3-27-2.jpg,0,3,1389,27.7,31.892
386,c-3-27-3,c-3-27-3.jpg,0,3,1389,27.7,31.892
387,c-3-27-4,c-3-27-4.jpg,0,3,1389,27.7,31.892
388,c-3-28-1,c-3-28-1.jpg,0,3,1453,27.6,34.5102
389,c-3-28-2,c-3-28-2.jpg,0,3,1453,27.6,34.5102
390,c-3-28-3,c-3-28-3.jpg,0,3,1453,27.6,34.5102
391,c-3-28-4,c-3-28-4.jpg,0,3,1453,27.6,34.5102
392,c-3-29-1,c-3-29-1.jpg,0,3,1411,27.5,35.552
393,c-3-29-2,c-3-29-2.jpg,0,3,1411,27.5,35.552
394,c-3-29-3,c-3-29-3.jpg,0,3,1411,27.5,35.552
395,c-3-29-4,c-3-29-4.jpg,0,3,1411,27.5,35.552
396,c-3-30-1,c-3-30-1.jpg,0,3,1457,27.6,35.7016
397,c-3-30-2,c-3-30-2.jpg,0,3,1457,27.6,35.7016
398,c-3-30-3,c-3-30-3.jpg,0,3,1457,27.6,35.7016
399,c-3-30-4,c-3-30-4.jpg,0,3,1457,27.6,35.7016
400,c-3-31-1,c-3-31-1.jpg,0,3,1400,27.7,35.394
401,c-3-31-2,c-3-31-2.jpg,0,3,1400,27.7,35.394
402,c-3-31-3,c-3-31-3.jpg,0,3,1400,27.7,35.394
403,c-3-31-4,c-3-31-4.jpg,0,3,1400,27.7,35.394
404,c-3-32-1,c-3-32-1.jpg,0,3,1335,27.7,35.7409
405,c-3-32-2,c-3-32-2.jpg,0,3,1335,27.7,35.7409
406,c-3-32-3,c-3-32-3.jpg,0,3,1335,27.7,35.7409
407,c-3-32-4,c-3-32-4.jpg,0,3,1335,27.7,35.7409
408,c-3-33-1,c-3-33-1.jpg,0,3,1410,27.7,36.634
409,c-3-33-2,c-3-33-2.jpg,0,3,1410,27.7,36.634
410,c-3-33-3,c-3-33-3.jpg,0,3,1410,27.7,36.634
411,c-3-33-4,c-3-33-4.jpg,0,3,1410,27.7,36.634
412,c-3-34-1,c-3-34-1.jpg,0,3,1350,27.7,32.3036
413,c-3-34-2,c-3-34-2.jpg,0,3,1350,27.7,32.3036
414,c-3-34-3,c-3-34-3.jpg,0,3,1350,27.7,32.3036
415,c-3-34-4,c-3-34-4.jpg,0,3,1350,27.7,32.3036
416,c-3-35-1,c-3-35-1.jpg,0,3,1368,27.7,32.6636
417,c-3-35-2,c-3-35-2.jpg,0,3,1368,27.7,32.6636
418,c-3-35-3,c-3-35-3.jpg,0,3,1368,27.7,32.6636
419,c-3-35-4,c-3-35-4.jpg,0,3,1368,27.7,32.6636
420,s-1-3-1,s-1-3-1.jpg,2,1,1200,21.8,21.0112
421,s-1-3-2,s-1-3-2.jpg,2,1,1200,21.8,21.0112
422,s-1-3-3,s-1-3-3.jpg,2,1,1200,21.8,21.0112
423,s-1-3-4,s-1-3-4.jpg,2,1,1200,21.8,21.0112
424,s-1-4-1,s-1-4-1.jpg,2,1,1268,21.6,21.3444
425,s-1-4-2,s-1-4-2.jpg,2,1,1268,21.6,21.3444
426,s-1-4-3,s-1-4-3.jpg,2,1,1268,21.6,21.3444
427,s-1-4-4,s-1-4-4.jpg,2,1,1268,21.6,21.3444
428,s-1-5-1,s-1-5-1.jpg,2,1,1176,21.8,20.4434
429,s-1-5-2,s-1-5-2.jpg,2,1,1176,21.8,20.4434
430,s-1-5-3,s-1-5-3.jpg,2,1,1176,21.8,20.4434
431,s-1-5-4,s-1-5-4.jpg,2,1,1176,21.8,20.4434
432,s-1-6-1,s-1-6-1.jpg,2,1,1101,21.9,19.2464
433,s-1-6-2,s-1-6-2.jpg,2,1,1101,21.9,19.2464
434,s-1-6-3,s-1-6-3.jpg,2,1,1101,21.9,19.2464
435,s-1-6-4,s-1-6-4.jpg,2,1,1101,21.9,19.2464
436,s-1-7-1,s-1-7-1.jpg,2,1,1054,22,19.6711
437,s-1-7-2,s-1-7-2.jpg,2,1,1054,22,19.6711
438,s-1-7-3,s-1-7-3.jpg,2,1,1054,22,19.6711
439,s-1-7-4,s-1-7-4.jpg,2,1,1054,22,19.6711
440,s-1-9-1,s-1-9-1.jpg,2,1,1089,22,18.3616
441,s-1-9-2,s-1-9-2.jpg,2,1,1089,22,18.3616
442,s-1-9-3,s-1-9-3.jpg,2,1,1089,22,18.3616
443,s-1-9-4,s-1-9-4.jpg,2,1,1089,22,18.3616
444,s-1-11-1,s-1-11-1.jpg,2,1,1143,22.5,19.56
445,s-1-11-2,s-1-11-2.jpg,2,1,1143,22.5,19.56
446,s-1-11-3,s-1-11-3.jpg,2,1,1143,22.5,19.56
447,s-1-11-4,s-1-11-4.jpg,2,1,1143,22.5,19.56
448,s-1-12-1,s-1-12-1.jpg,2,1,1209,22.4,23.0078
449,s-1-12-2,s-1-12-2.jpg,2,1,1209,22.4,23.0078
450,s-1-12-3,s-1-12-3.jpg,2,1,1209,22.4,23.0078
451,s-1-12-4,s-1-12-4.jpg,2,1,1209,22.4,23.0078
452,s-1-16-1,s-1-16-1.jpg,2,1,1250,22.6,23.1795
453,s-1-16-2,s-1-16-2.jpg,2,1,1250,22.6,23.1795
454,s-1-16-3,s-1-16-3.jpg,2,1,1250,22.6,23.1795
455,s-1-16-4,s-1-16-4.jpg,2,1,1250,22.6,23.1795
456,s-1-20-1,s-1-20-1.jpg,2,1,1190,22.6,21.2401
457,s-1-20-2,s-1-20-2.jpg,2,1,1190,22.6,21.2401
458,s-1-20-3,s-1-20-3.jpg,2,1,1190,22.6,21.2401
459,s-1-20-4,s-1-20-4.jpg,2,1,1190,22.6,21.2401
460,s-1-21-1,s-1-21-1.jpg,2,1,1265,22.5,24.4816
461,s-1-21-2,s-1-21-2.jpg,2,1,1265,22.5,24.4816
462,s-1-21-3,s-1-21-3.jpg,2,1,1265,22.5,24.4816
463,s-1-21-4,s-1-21-4.jpg,2,1,1265,22.5,24.4816
464,s-1-26-1,s-1-26-1.jpg,2,1,1301,22.7,25.1535
465,s-1-26-2,s-1-26-2.jpg,2,1,1301,22.7,25.1535
466,s-1-26-3,s-1-26-3.jpg,2,1,1301,22.7,25.1535
467,s-1-26-4,s-1-26-4.jpg,2,1,1301,22.7,25.1535
468,s-1-27-1,s-1-27-1.jpg,2,1,1300,23,24.7668
469,s-1-27-2,s-1-27-2.jpg,2,1,1300,23,24.7668
470,s-1-27-3,s-1-27-3.jpg,2,1,1300,23,24.7668
471,s-1-27-4,s-1-27-4.jpg,2,1,1300,23,24.7668
472,s-1-28-1,s-1-28-1.jpg,2,1,1399,23.1,25.064
473,s-1-28-2,s-1-28-2.jpg,2,1,1399,23.1,25.064
474,s-1-28-3,s-1-28-3.jpg,2,1,1399,23.1,25.064
475,s-1-28-4,s-1-28-4.jpg,2,1,1399,23.1,25.064
476,s-1-29-1,s-1-29-1.jpg,2,1,1374,23.1,24.5346
477,s-1-29-2,s-1-29-2.jpg,2,1,1374,23.1,24.5346
478,s-1-29-3,s-1-29-3.jpg,2,1,1374,23.1,24.5346
479,s-1-29-4,s-1-29-4.jpg,2,1,1374,23.1,24.5346
480,s-1-30-1,s-1-30-1.jpg,2,1,1405,23.4,25.6772
481,s-1-30-2,s-1-30-2.jpg,2,1,1405,23.4,25.6772
482,s-1-30-3,s-1-30-3.jpg,2,1,1405,23.4,25.6772
483,s-1-30-4,s-1-30-4.jpg,2,1,1405,23.4,25.6772
484,s-1-31-1,s-1-31-1.jpg,2,1,1488,24.5,26.7355
485,s-1-31-2,s-1-31-2.jpg,2,1,1488,24.5,26.7355
486,s-1-31-3,s-1-31-3.jpg,2,1,1488,24.5,26.7355
487,s-1-31-4,s-1-31-4.jpg,2,1,1488,24.5,26.7355
488,s-1-32-1,s-1-32-1.jpg,2,1,1523,23.4,28.7056
489,s-1-32-2,s-1-32-2.jpg,2,1,1523,23.4,28.7056
490,s-1-32-3,s-1-32-3.jpg,2,1,1523,23.4,28.7056
491,s-1-32-4,s-1-32-4.jpg,2,1,1523,23.4,28.7056
492,s-1-33-1,s-1-33-1.jpg,2,1,1545,23.6,28.9996
493,s-1-33-2,s-1-33-2.jpg,2,1,1545,23.6,28.9996
494,s-1-33-3,s-1-33-3.jpg,2,1,1545,23.6,28.9996
495,s-1-33-4,s-1-33-4.jpg,2,1,1545,23.6,28.9996
496,s-1-34-1,s-1-34-1.jpg,2,1,1533,25.6,27.76
497,s-1-34-2,s-1-34-2.jpg,2,1,1533,25.6,27.76
498,s-1-34-3,s-1-34-3.jpg,2,1,1533,25.6,27.76
499,s-1-34-4,s-1-34-4.jpg,2,1,1533,25.6,27.76
500,s-1-35-1,s-1-35-1.jpg,2,1,1546,25.5,27.51
501,s-1-35-2,s-1-35-2.jpg,2,1,1546,25.5,27.51
502,s-1-35-3,s-1-35-3.jpg,2,1,1546,25.5,27.51
503,s-1-35-4,s-1-35-4.jpg,2,1,1546,25.5,27.51
504,s-2-3-1,s-2-3-1.jpg,2,2,1650,26,29.5
505,s-2-3-2,s-2-3-2.jpg,2,2,1650,26,29.5
506,s-2-3-3,s-2-3-3.jpg,2,2,1650,26,29.5
507,s-2-3-4,s-2-3-4.jpg,2,2,1650,26,29.5
508,s-2-4-1,s-2-4-1.jpg,2,2,1580,26.1,28.5348
509,s-2-4-2,s-2-4-2.jpg,2,2,1580,26.1,28.5348
510,s-2-4-3,s-2-4-3.jpg,2,2,1580,26.1,28.5348
511,s-2-4-4,s-2-4-4.jpg,2,2,1580,26.1,28.5348
512,s-2-5-1,s-2-5-1.jpg,2,2,1578,26.2,28.9718
513,s-2-5-2,s-2-5-2.jpg,2,2,1578,26.2,28.9718
514,s-2-5-3,s-2-5-3.jpg,2,2,1578,26.2,28.9718
515,s-2-5-4,s-2-5-4.jpg,2,2,1578,26.2,28.9718
516,s-2-6-1,s-2-6-1.jpg,2,2,1420,26,27.1936
517,s-2-6-2,s-2-6-2.jpg,2,2,1420,26,27.1936
518,s-2-6-3,s-2-6-3.jpg,2,2,1420,26,27.1936
519,s-2-6-4,s-2-6-4.jpg,2,2,1420,26,27.1936
520,s-2-7-1,s-2-7-1.jpg,2,2,1398,24.2,25.3136
521,s-2-7-2,s-2-7-2.jpg,2,2,1398,24.2,25.3136
522,s-2-7-3,s-2-7-3.jpg,2,2,1398,24.2,25.3136
523,s-2-7-4,s-2-7-4.jpg,2,2,1398,24.2,25.3136
524,s-2-9-1,s-2-9-1.jpg,2,2,1456,25.3,26.7783
525,s-2-9-2,s-2-9-2.jpg,2,2,1456,25.3,26.7783
526,s-2-9-3,s-2-9-3.jpg,2,2,1456,25.3,26.7783
527,s-2-9-4,s-2-9-4.jpg,2,2,1456,25.3,26.7783
528,s-2-11-1,s-2-11-1.jpg,2,2,2034,32.3,35.8488
529,s-2-11-2,s-2-11-2.jpg,2,2,2034,32.3,35.8488
530,s-2-11-3,s-2-11-3.jpg,2,2,2034,32.3,35.8488
531,s-2-11-4,s-2-11-4.jpg,2,2,2034,32.3,35.8488
532,s-2-12-1,s-2-12-1.jpg,2,2,2050,32,35.0208
533,s-2-12-2,s-2-12-2.jpg,2,2,2050,32,35.0208
534,s-2-12-3,s-2-12-3.jpg,2,2,2050,32,35.0208
535,s-2-12-4,s-2-12-4.jpg,2,2,2050,32,35.0208
536,s-2-16-1,s-2-16-1.jpg,2,2,1932,32.9,35.9756
537,s-2-16-2,s-2-16-2.jpg,2,2,1932,32.9,35.9756
538,s-2-16-3,s-2-16-3.jpg,2,2,1932,32.9,35.9756
539,s-2-16-4,s-2-16-4.jpg,2,2,1932,32.9,35.9756
540,s-2-20-1,s-2-20-1.jpg,2,2,1800,32.4,34.1634
541,s-2-20-2,s-2-20-2.jpg,2,2,1800,32.4,34.1634
542,s-2-20-3,s-2-20-3.jpg,2,2,1800,32.4,34.1634
543,s-2-20-4,s-2-20-4.jpg,2,2,1800,32.4,34.1634
544,s-2-21-1,s-2-21-1.jpg,2,2,1798,31.8,29.1222
545,s-2-21-2,s-2-21-2.jpg,2,2,1798,31.8,29.1222
546,s-2-21-3,s-2-21-3.jpg,2,2,1798,31.8,29.1222
547,s-2-21-4,s-2-21-4.jpg,2,2,1798,31.8,29.1222
548,s-3-3-1,s-3-3-1.jpg,2,3,1475,28.2,28.6894
549,s-3-3-2,s-3-3-2.jpg,2,3,1475,28.2,28.6894
550,s-3-3-3,s-3-3-3.jpg,2,3,1475,28.2,28.6894
551,s-3-3-4,s-3-3-4.jpg,2,3,1475,28.2,28.6894
552,s-3-4-1,s-3-4-1.jpg,2,3,1463,29.3,28.111
553,s-3-4-2,s-3-4-2.jpg,2,3,1463,29.3,28.111
,s-3-4-3,s-3-4-3.jpg,2,3,1463,29.3,28.111
554,s-3-4-4,s-3-4-4.jpg,2,3,1463,29.3,28.111
555,s-3-5-1,s-3-5-1.jpg,2,3,1514,30,28.6553
556,s-3-5-2,s-3-5-2.jpg,2,3,1514,30,28.6553
557,s-3-5-3,s-3-5-3.jpg,2,3,1514,30,28.6553
558,s-3-5-4,s-3-5-4.jpg,2,3,1514,30,28.6553
559,s-3-6-1,s-3-6-1.jpg,2,3,1450,30.2,27.6553
560,s-3-6-2,s-3-6-2.jpg,2,3,1450,30,27.6553
561,s-3-6-3,s-3-6-3.jpg,2,3,1450,30,27.6553
562,s-3-6-4,s-3-6-4.jpg,2,3,1450,30,27.6553
563,s-3-7-1,s-3-7-1.jpg,2,3,1495,31.2,27.052
564,s-3-7-2,s-3-7-2.jpg,2,3,1495,31.2,27.052
565,s-3-7-3,s-3-7-3.jpg,2,3,1495,31.2,27.052
566,s-3-7-4,s-3-7-4.jpg,2,3,1495,31.2,27.052
567,s-3-9-1,s-3-9-1.jpg,2,3,1460,30.1,27.998
568,s-3-9-2,s-3-9-2.jpg,2,3,1460,30.1,27.998
569,s-3-9-3,s-3-9-3.jpg,2,3,1460,30.1,27.998
570,s-3-9-4,s-3-9-4.jpg,2,3,1460,30.1,27.998
571,s-3-11-1,s-3-11-1.jpg,2,3,1398,28.5,26.7669
572,s-3-11-2,s-3-11-2.jpg,2,3,1398,28.5,26.7669
573,s-3-11-3,s-3-11-3.jpg,2,3,1398,28.5,26.7669
574,s-3-11-4,s-3-11-4.jpg,2,3,1398,28.5,26.7669
575,s-3-12-1,s-3-12-1.jpg,2,3,1380,29,25.69
576,s-3-12-2,s-3-12-2.jpg,2,3,1380,29,25.69
577,s-3-12-3,s-3-12-3.jpg,2,3,1380,29,25.69
578,s-3-12-4,s-3-12-4.jpg,2,3,1380,29,25.69
579,s-3-16-1,s-3-16-1.jpg,2,3,1340,28.3,25.624
580,s-3-16-2,s-3-16-2.jpg,2,3,1340,28.3,25.624
581,s-3-16-3,s-3-16-3.jpg,2,3,1340,28.3,25.624
582,s-3-16-4,s-3-16-4.jpg,2,3,1340,28.3,25.624
583,s-3-20-1,s-3-20-1.jpg,2,3,1365,28,24.04
584,s-3-20-2,s-3-20-2.jpg,2,3,1365,28,24.04
585,s-3-20-3,s-3-20-3.jpg,2,3,1365,28,24.04
586,s-3-20-4,s-3-20-4.jpg,2,3,1365,28,24.04
587,s-3-21-1,s-3-21-1.jpg,2,3,1290,28.2,21.8605
588,s-3-21-2,s-3-21-2.jpg,2,3,1290,28.2,21.8605
589,s-3-21-3,s-3-21-3.jpg,2,3,1290,28.2,21.8605
590,s-3-21-4,s-3-21-4.jpg,2,3,1290,28.2,21.8605
591,w-1-3-1,w-1-3-1.jpg,3,1,2750,28,37.612
592,w-1-3-2,w-1-3-2.jpg,3,1,2750,28,37.612
593,w-1-3-3,w-1-3-3.jpg,3,1,2750,28,37.612
594,w-1-3-4,w-1-3-4.jpg,3,1,2750,28,37.612
595,w-1-4-1,w-1-4-1.jpg,3,1,2765,28.1,38.06
596,w-1-4-2,w-1-4-2.jpg,3,1,2765,28.1,38.06
597,w-1-4-3,w-1-4-3.jpg,3,1,2765,28.1,38.06
598,w-1-4-4,w-1-4-4.jpg,3,1,2765,28.1,38.06
599,w-1-5-1,w-1-5-1.jpg,3,1,2790,28.2,40.03
600,w-1-5-2,w-1-5-2.jpg,3,1,2790,28.2,40.03
601,w-1-5-3,w-1-5-3.jpg,3,1,2790,28.2,40.03
602,w-1-5-4,w-1-5-4.jpg,3,1,2790,28.2,40.03
603,w-1-6-1,w-1-6-1.jpg,3,1,2800,29,42.2897
604,w-1-6-2,w-1-6-2.jpg,3,1,2800,29,42.2897
605,w-1-6-3,w-1-6-3.jpg,3,1,2800,29,42.2897
606,w-1-6-4,w-1-6-4.jpg,3,1,2800,29,42.2897
607,w-1-7-1,w-1-7-1.jpg,3,1,2850,29,40.9358
608,w-1-7-2,w-1-7-2.jpg,3,1,2850,29,40.9358
609,w-1-7-3,w-1-7-3.jpg,3,1,2850,29,40.9358
610,w-1-7-4,w-1-7-4.jpg,3,1,2850,29,40.9358
611,w-1-9-1,w-1-9-1.jpg,3,1,2800,29.2,41.29
612,w-1-9-2,w-1-9-2.jpg,3,1,2800,29.2,41.29
613,w-1-9-3,w-1-9-3.jpg,3,1,2800,29.2,41.29
614,w-1-9-4,w-1-9-4.jpg,3,1,2800,29.2,41.29
615,w-1-11-1,w-1-11-1.jpg,3,1,2795,29,37.482
616,w-1-11-2,w-1-11-2.jpg,3,1,2795,29,37.482
617,w-1-11-3,w-1-11-3.jpg,3,1,2795,29,37.482
618,w-1-11-4,w-1-11-4.jpg,3,1,2795,29,37.482
619,w-1-12-1,w-1-12-1.jpg,3,1,3067,29.4,42.058
620,w-1-12-2,w-1-12-2.jpg,3,1,3067,29.4,42.058
621,w-1-12-3,w-1-12-3.jpg,3,1,3067,29.4,42.058
622,w-1-12-4,w-1-12-4.jpg,3,1,3067,29.4,42.058
623,w-1-16-1,w-1-16-1.jpg,3,1,2900,29.5,41.3058
624,w-1-16-2,w-1-16-2.jpg,3,1,2900,29.5,41.3058
625,w-1-16-3,w-1-16-3.jpg,3,1,2900,29.5,41.3058
626,w-1-16-4,w-1-16-4.jpg,3,1,2900,29.5,41.3058
627,w-1-20-1,w-1-20-1.jpg,3,1,3100,29.5,44.1148
628,w-1-20-2,w-1-20-2.jpg,3,1,3100,29.5,44.1148
629,w-1-20-3,w-1-20-3.jpg,3,1,3100,29.5,44.1148
630,w-1-20-4,w-1-20-4.jpg,3,1,3100,29.5,44.1148
631,w-1-21-1,w-1-21-1.jpg,3,1,3350,29.6,46.1265
632,w-1-21-2,w-1-21-2.jpg,3,1,3350,29.6,46.1265
633,w-1-21-3,w-1-21-3.jpg,3,1,3350,29.6,46.1265
634,w-1-21-4,w-1-21-4.jpg,3,1,3350,29.6,46.1265
635,w-1-26-1,w-1-26-1.jpg,3,1,3675,29.8,48.7543
636,w-1-26-2,w-1-26-2.jpg,3,1,3675,29.8,48.7543
637,w-1-26-3,w-1-26-3.jpg,3,1,3675,29.8,48.7543
638,w-1-26-4,w-1-26-4.jpg,3,1,3675,29.8,48.7543
639,w-1-27-1,w-1-27-1.jpg,3,1,3990,28.8,49.8793
640,w-1-27-2,w-1-27-2.jpg,3,1,3990,28.8,49.8793
641,w-1-27-3,w-1-27-3.jpg,3,1,3990,28.8,49.8793
642,w-1-27-4,w-1-27-4.jpg,3,1,3990,28.8,49.8793
643,w-1-28-1,w-1-28-1.jpg,3,1,3812,28.7,49.5001
644,w-1-28-2,w-1-28-2.jpg,3,1,3812,28.7,49.5001
645,w-1-28-3,w-1-28-3.jpg,3,1,3812,28.7,49.5001
646,w-1-28-4,w-1-28-4.jpg,3,1,3812,28.7,49.5001
647,w-1-29-1,w-1-29-1.jpg,3,1,4030,29,52.76
648,w-1-29-2,w-1-29-2.jpg,3,1,4030,29,52.76
649,w-1-29-3,w-1-29-3.jpg,3,1,4030,29,52.76
650,w-1-29-4,w-1-29-4.jpg,3,1,4030,29,52.76
651,w-1-30-1,w-1-30-1.jpg,3,1,4080,28.5,47.2406
652,w-1-30-2,w-1-30-2.jpg,3,1,4080,28.5,47.2406
653,w-1-30-3,w-1-30-3.jpg,3,1,4080,28.5,47.2406
654,w-1-30-4,w-1-30-4.jpg,3,1,4080,28.5,47.2406
655,w-1-31-1,w-1-31-1.jpg,3,1,3811,29.5,43.4311
656,w-1-31-2,w-1-31-2.jpg,3,1,3811,29.5,43.4311
657,w-1-31-3,w-1-31-3.jpg,3,1,3811,29.5,43.4311
658,w-1-31-4,w-1-31-4.jpg,3,1,3811,29.5,43.4311
659,w-1-32-1,w-1-32-1.jpg,3,1,3520,29.6,37.168
660,w-1-32-2,w-1-32-2.jpg,3,1,3520,29.6,37.168
661,w-1-32-3,w-1-32-3.jpg,3,1,3520,29.6,37.168
662,w-1-32-4,w-1-32-4.jpg,3,1,3520,29.6,37.168
663,w-1-33-1,w-1-33-1.jpg,3,1,3370,29.6,33.6193
664,w-1-33-2,w-1-33-2.jpg,3,1,3370,29.6,33.6193
665,w-1-33-3,w-1-33-3.jpg,3,1,3370,29.6,33.6193
666,w-1-33-4,w-1-33-4.jpg,3,1,3370,29.6,33.6193
667,w-1-34-1,w-1-34-1.jpg,3,1,3290,29.5,34.988
668,w-1-34-2,w-1-34-2.jpg,3,1,3290,29.5,34.988
669,w-1-34-3,w-1-34-3.jpg,3,1,3290,29.5,34.988
670,w-1-34-4,w-1-34-4.jpg,3,1,3290,29.5,34.988
671,w-1-35-1,w-1-35-1.jpg,3,1,3190,29.5,33.8
672,w-1-35-2,w-1-35-2.jpg,3,1,3190,29.5,33.8
673,w-1-35-3,w-1-35-3.jpg,3,1,3190,29.5,33.8
674,w-1-35-4,w-1-35-4.jpg,3,1,3190,29.5,33.8
675,w-3-3-1,w-3-3-1.jpg,3,3,2650,27,23.288
676,w-3-3-2,w-3-3-2.jpg,3,3,2650,27,23.288
677,w-3-3-3,w-3-3-3.jpg,3,3,2650,27,23.288
678,w-3-3-4,w-3-3-4.jpg,3,3,2650,27,23.288
679,w-3-4-1,w-3-4-1.jpg,3,3,2670,27.8,25.9032
680,w-3-4-2,w-3-4-2.jpg,3,3,2670,27.8,25.9032
681,w-3-4-3,w-3-4-3.jpg,3,3,2670,27.8,25.9032
682,w-3-4-4,w-3-4-4.jpg,3,3,2670,27.8,25.9032
683,w-3-5-1,w-3-5-1.jpg,3,3,2550,27.8,26.7902
684,w-3-5-2,w-3-5-2.jpg,3,3,2550,27.8,26.7902
685,w-3-5-3,w-3-5-3.jpg,3,3,2550,27.8,26.7902
686,w-3-5-4,w-3-5-4.jpg,3,3,2550,27.8,26.7902
687,w-3-6-1,w-3-6-1.jpg,3,3,2625,27.6,28.272
688,w-3-6-2,w-3-6-2.jpg,3,3,2625,27.6,28.272
689,w-3-6-3,w-3-6-3.jpg,3,3,2625,27.6,28.272
690,w-3-6-4,w-3-6-4.jpg,3,3,2625,27.6,28.272
691,w-3-7-1,w-3-7-1.jpg,3,3,2589,27.6,27.8854
692,w-3-7-2,w-3-7-2.jpg,3,3,2589,27.6,27.8854
693,w-3-7-3,w-3-7-3.jpg,3,3,2589,27.6,27.8854
694,w-3-7-4,w-3-7-4.jpg,3,3,2589,27.6,27.8854
695,w-3-9-1,w-3-9-1.jpg,3,3,2598,27.7,28.454
696,w-3-9-2,w-3-9-2.jpg,3,3,2598,27.7,28.454
697,w-3-9-3,w-3-9-3.jpg,3,3,2598,27.7,28.454
698,w-3-9-4,w-3-9-4.jpg,3,3,2598,27.7,28.454
699,w-3-11-1,w-3-11-1.jpg,3,3,2378,27.9,24.336
700,w-3-11-2,w-3-11-2.jpg,3,3,2378,27.9,24.336
701,w-3-11-3,w-3-11-3.jpg,3,3,2378,27.9,24.336
702,w-3-11-4,w-3-11-4.jpg,3,3,2378,27.9,24.336
703,w-3-12-1,w-3-12-1.jpg,3,3,2601,27.9,28.8299
704,w-3-12-2,w-3-12-2.jpg,3,3,2601,27.9,28.8299
705,w-3-12-3,w-3-12-3.jpg,3,3,2601,27.9,28.8299
706,w-3-12-4,w-3-12-4.jpg,3,3,2601,27.9,28.8299
707,w-3-16-1,w-3-16-1.jpg,3,3,2589,27.5,27.6035
708,w-3-16-2,w-3-16-2.jpg,3,3,2589,27.5,27.6035
709,w-3-16-3,w-3-16-3.jpg,3,3,2589,27.5,27.6035
710,w-3-16-4,w-3-16-4.jpg,3,3,2589,27.5,27.6035
711,w-3-20-1,w-3-20-1.jpg,3,3,2578,27.6,24.3292
712,w-3-20-2,w-3-20-2.jpg,3,3,2578,27.6,24.3292
713,w-3-20-3,w-3-20-3.jpg,3,3,2578,27.6,24.3292
714,w-3-20-4,w-3-20-4.jpg,3,3,2578,27.6,24.3292
715,w-3-21-1,w-3-21-1.jpg,3,3,2604,27.4,25.845
716,w-3-21-2,w-3-21-2.jpg,3,3,2604,27.4,25.845
717,w-3-21-3,w-3-21-3.jpg,3,3,2604,27.4,25.845
718,w-3-21-4,w-3-21-4.jpg,3,3,2604,27.4,25.845
719,w-3-26-1,w-3-26-1.jpg,3,3,2630,26.6,24.514
720,w-3-26-2,w-3-26-2.jpg,3,3,2630,26.6,24.514
721,w-3-26-3,w-3-26-3.jpg,3,3,2630,26.6,24.514
722,w-3-26-4,w-3-26-4.jpg,3,3,2630,26.6,24.514
723,w-3-27-1,w-3-27-1.jpg,3,3,2654,25.7,22.5983
724,w-3-27-2,w-3-27-2.jpg,3,3,2654,25.7,22.5983
725,w-3-27-3,w-3-27-3.jpg,3,3,2654,25.7,22.5983
726,w-3-27-4,w-3-27-4.jpg,3,3,2654,25.7,22.5983
727,w-3-28-1,w-3-28-1.jpg,3,3,2730,25.6,24.0423
728,w-3-28-2,w-3-28-2.jpg,3,3,2730,25.6,24.0423
729,w-3-28-3,w-3-28-3.jpg,3,3,2730,25.6,24.0423
730,w-3-28-4,w-3-28-4.jpg,3,3,2730,25.6,24.0423
731,w-3-29-1,w-3-29-1.jpg,3,3,2698,27.8,27.7832
732,w-3-29-2,w-3-29-2.jpg,3,3,2698,27.8,27.7832
733,w-3-29-3,w-3-29-3.jpg,3,3,2698,27.8,27.7832
734,w-3-29-4,w-3-29-4.jpg,3,3,2698,27.8,27.7832
735,w-3-30-1,w-3-30-1.jpg,3,3,2688,27.8,29.1674
736,w-3-30-2,w-3-30-2.jpg,3,3,2688,27.8,29.1674
737,w-3-30-3,w-3-30-3.jpg,3,3,2688,27.8,29.1674
738,w-3-30-4,w-3-30-4.jpg,3,3,2688,27.8,29.1674
739,w-3-31-1,w-3-31-1.jpg,3,3,2701,27.9,29.6424
740,w-3-31-2,w-3-31-2.jpg,3,3,2701,27.9,29.6424
741,w-3-31-3,w-3-31-3.jpg,3,3,2701,27.9,29.6424
742,w-3-31-4,w-3-31-4.jpg,3,3,2701,27.9,29.6424
743,w-3-32-1,w-3-32-1.jpg,3,3,2899,27.8,30.9236
744,w-3-32-2,w-3-32-2.jpg,3,3,2699,27.8,30.9236
745,w-3-32-3,w-3-32-3.jpg,3,3,2699,27.8,30.9236
746,w-3-32-4,w-3-32-4.jpg,3,3,2699,27.8,30.9236
747,w-3-33-1,w-3-33-1.jpg,3,3,2589,26.5,27.267
748,w-3-33-2,w-3-33-2.jpg,3,3,2589,27.5,27.267
749,w-3-33-3,w-3-33-3.jpg,3,3,2589,27.5,27.267
750,w-3-33-4,w-3-33-4.jpg,3,3,2589,27.5,27.267
751,w-3-34-1,w-3-34-1.jpg,3,3,2468,25.4,24.978
752,w-3-34-2,w-3-34-2.jpg,3,3,2468,25.4,24.978
753,w-3-34-3,w-3-34-3.jpg,3,3,2468,25.4,24.978
754,w-3-34-4,w-3-34-4.jpg,3,3,2468,25.4,24.978
755,w-3-35-1,w-3-35-1.jpg,3,3,2501,25.1,27.0126
756,w-3-35-2,w-3-35-2.jpg,3,3,2501,25.1,27.0126
757,w-3-35-3,w-3-35-3.jpg,3,3,2501,25.1,27.0126
758,w-3-35-4,w-3-35-4.jpg,3,3,2501,25.1,27.0126
